{
    "gitlab": {
        "maven": {
            "vulid_missing_num": 14,
            "field_missing_num": 0,
            "precision": 107.45238095238096,
            "recall": 122.0,
            "accuracy": 107.45238095238096,
            "eco_precision": 166.5,
            "eco_recall": 168.0,
            "eco_accuracy": 166.5,
            "name_precision": 107.45238095238096,
            "name_recall": 122.0,
            "name_accuracy": 107.45238095238096,
            "effective_num": 169
        },
        "npm": {
            "vulid_missing_num": 4,
            "field_missing_num": 0,
            "precision": 234.58333333333334,
            "recall": 243.0,
            "accuracy": 234.58333333333334,
            "eco_precision": 240.5,
            "eco_recall": 245.0,
            "eco_accuracy": 240.5,
            "name_precision": 235.5,
            "name_recall": 243.0,
            "name_accuracy": 235.5,
            "effective_num": 246
        },
        "go": {
            "vulid_missing_num": 7,
            "field_missing_num": 0,
            "precision": 62.333333333333336,
            "recall": 64.0,
            "accuracy": 62.333333333333336,
            "eco_precision": 72.0,
            "eco_recall": 72.0,
            "eco_accuracy": 72.0,
            "name_precision": 62.333333333333336,
            "name_recall": 64.0,
            "name_accuracy": 62.333333333333336,
            "effective_num": 72
        },
        "pypi": {
            "vulid_missing_num": 6,
            "field_missing_num": 0,
            "precision": 172.2,
            "recall": 177.0,
            "accuracy": 172.2,
            "eco_precision": 177.5,
            "eco_recall": 178.0,
            "eco_accuracy": 177.5,
            "name_precision": 172.2,
            "name_recall": 177.0,
            "name_accuracy": 172.2,
            "effective_num": 178
        },
        "all": {
            "vulid_missing_num": 31,
            "field_missing_num": 0,
            "precision": 576.5690476190476,
            "recall": 606.0,
            "accuracy": 576.5690476190476,
            "eco_precision": 656.5,
            "eco_recall": 663.0,
            "eco_accuracy": 656.5,
            "name_precision": 577.4857142857143,
            "name_recall": 606.0,
            "name_accuracy": 577.4857142857143,
            "effective_num": 665
        }
    },
    "github": {
        "maven": {
            "vulid_missing_num": 15,
            "field_missing_num": 0,
            "precision": 106.0,
            "recall": 105.0,
            "accuracy": 106.0,
            "eco_precision": 167.0,
            "eco_recall": 167.0,
            "eco_accuracy": 167.0,
            "name_precision": 106.0,
            "name_recall": 105.0,
            "name_accuracy": 106.0,
            "effective_num": 168
        },
        "npm": {
            "vulid_missing_num": 10,
            "field_missing_num": 0,
            "precision": 235.33333333333334,
            "recall": 238.0,
            "accuracy": 235.33333333333334,
            "eco_precision": 239.0,
            "eco_recall": 240.0,
            "eco_accuracy": 239.0,
            "name_precision": 235.33333333333334,
            "name_recall": 238.0,
            "name_accuracy": 235.33333333333334,
            "effective_num": 240
        },
        "go": {
            "vulid_missing_num": 18,
            "field_missing_num": 0,
            "precision": 54.0,
            "recall": 54.0,
            "accuracy": 54.0,
            "eco_precision": 61.0,
            "eco_recall": 61.0,
            "eco_accuracy": 61.0,
            "name_precision": 54.0,
            "name_recall": 54.0,
            "name_accuracy": 54.0,
            "effective_num": 61
        },
        "pypi": {
            "vulid_missing_num": 27,
            "field_missing_num": 0,
            "precision": 152.2,
            "recall": 154.0,
            "accuracy": 152.2,
            "eco_precision": 157.0,
            "eco_recall": 157.0,
            "eco_accuracy": 157.0,
            "name_precision": 152.2,
            "name_recall": 154.0,
            "name_accuracy": 152.2,
            "effective_num": 157
        },
        "all": {
            "vulid_missing_num": 70,
            "field_missing_num": 0,
            "precision": 547.5333333333333,
            "recall": 551.0,
            "accuracy": 547.5333333333333,
            "eco_precision": 624.0,
            "eco_recall": 625.0,
            "eco_accuracy": 624.0,
            "name_precision": 547.5333333333333,
            "name_recall": 551.0,
            "name_accuracy": 547.5333333333333,
            "effective_num": 626
        }
    },
    "snyk": {
        "maven": {
            "vulid_missing_num": 1,
            "field_missing_num": 0,
            "precision": 81.69703668637325,
            "recall": 153.85,
            "accuracy": 81.69703668637325,
            "eco_precision": 121.1861111111111,
            "eco_recall": 181.0,
            "eco_accuracy": 121.1861111111111,
            "name_precision": 83.52405887184527,
            "name_recall": 153.85,
            "name_accuracy": 83.52405887184527,
            "effective_num": 182
        },
        "npm": {
            "vulid_missing_num": 3,
            "field_missing_num": 0,
            "precision": 175.76706889085483,
            "recall": 244.0,
            "accuracy": 175.76706889085483,
            "eco_precision": 186.65238095238098,
            "eco_recall": 246.0,
            "eco_accuracy": 186.65238095238098,
            "name_precision": 177.64842499565196,
            "name_recall": 244.0,
            "name_accuracy": 177.64842499565196,
            "effective_num": 247
        },
        "go": {
            "vulid_missing_num": 1,
            "field_missing_num": 0,
            "precision": 39.367160896292845,
            "recall": 69.0,
            "accuracy": 39.367160896292845,
            "eco_precision": 50.15000000000001,
            "eco_recall": 74.0,
            "eco_accuracy": 50.15000000000001,
            "name_precision": 40.11417668691263,
            "name_recall": 69.0,
            "name_accuracy": 40.11417668691263,
            "effective_num": 78
        },
        "pypi": {
            "vulid_missing_num": 0,
            "field_missing_num": 0,
            "precision": 85.36882935086228,
            "recall": 179.0,
            "accuracy": 85.36882935086228,
            "eco_precision": 94.03809523809522,
            "eco_recall": 180.0,
            "eco_accuracy": 94.03809523809522,
            "name_precision": 107.23400499171682,
            "name_recall": 182.0,
            "name_accuracy": 107.23400499171682,
            "effective_num": 184
        },
        "all": {
            "vulid_missing_num": 5,
            "field_missing_num": 0,
            "precision": 382.2000958243828,
            "recall": 645.85,
            "accuracy": 382.2000958243828,
            "eco_precision": 452.0265873015868,
            "eco_recall": 681.0,
            "eco_accuracy": 452.0265873015868,
            "name_precision": 408.5206655461264,
            "name_recall": 648.85,
            "name_accuracy": 408.5206655461264,
            "effective_num": 691
        }
    },
    "veracode": {
        "maven": {
            "vulid_missing_num": 39,
            "field_missing_num": 0,
            "precision": 72.41593157880621,
            "recall": 110.25,
            "accuracy": 72.41593157880621,
            "eco_precision": 109.16666666666666,
            "eco_recall": 130.0,
            "eco_accuracy": 109.16666666666666,
            "name_precision": 72.41593157880621,
            "name_recall": 110.25,
            "name_accuracy": 72.41593157880621,
            "effective_num": 144
        },
        "npm": {
            "vulid_missing_num": 22,
            "field_missing_num": 0,
            "precision": 170.34995974235105,
            "recall": 222.0,
            "accuracy": 170.34995974235105,