{
    "gitlab": {
        "maven": {
            "vulid_missing_num": 26,
            "field_missing_num": 0,
            "precision": 57.95833333333334,
            "recall": 69.5,
            "accuracy": 57.95833333333334,
            "eco_precision": 92.5,
            "eco_recall": 94.0,
            "eco_accuracy": 92.5,
            "name_precision": 57.95833333333334,
            "name_recall": 69.5,
            "name_accuracy": 57.95833333333334,
            "effective_num": 94
        },
        "npm": {
            "vulid_missing_num": 6,
            "field_missing_num": 0,
            "precision": 150.33333333333334,
            "recall": 157.0,
            "accuracy": 150.33333333333334,
            "eco_precision": 163.5,
            "eco_recall": 165.0,
            "eco_accuracy": 163.5,
            "name_precision": 151.33333333333334,
            "name_recall": 157.0,
            "name_accuracy": 151.33333333333334,
            "effective_num": 165
        },
        "go": {
            "vulid_missing_num": 9,
            "field_missing_num": 0,
            "precision": 32.916666666666664,
            "recall": 37.0,
            "accuracy": 32.916666666666664,
            "eco_precision": 42.0,
            "eco_recall": 42.0,
            "eco_accuracy": 42.0,
            "name_precision": 32.916666666666664,
            "name_recall": 37.0,
            "name_accuracy": 32.916666666666664,
            "effective_num": 42
        },
        "pypi": {
            "vulid_missing_num": 10,
            "field_missing_num": 0,
            "precision": 109.0,
            "recall": 111.0,
            "accuracy": 109.0,
            "eco_precision": 111.5,
            "eco_recall": 112.0,
            "eco_accuracy": 111.5,
            "name_precision": 109.0,
            "name_recall": 111.0,
            "name_accuracy": 109.0,
            "effective_num": 112
        },
        "all": {
            "vulid_missing_num": 51,
            "field_missing_num": 0,
            "precision": 350.2083333333333,
            "recall": 374.5,
            "accuracy": 350.2083333333333,
            "eco_precision": 409.5,
            "eco_recall": 413.0,
            "eco_accuracy": 409.5,
            "name_precision": 351.2083333333333,
            "name_recall": 374.5,
            "name_accuracy": 351.2083333333333,
            "effective_num": 413
        }
    },
    "github": {
        "maven": {
            "vulid_missing_num": 43,
            "field_missing_num": 0,
            "precision": 45.666666666666664,
            "recall": 48.5,
            "accuracy": 45.666666666666664,
            "eco_precision": 75.5,
            "eco_recall": 76.0,
            "eco_accuracy": 75.5,
            "name_precision": 45.666666666666664,
            "name_recall": 48.5,
            "name_accuracy": 45.666666666666664,
            "effective_num": 77
        },
        "npm": {
            "vulid_missing_num": 8,
            "field_missing_num": 0,
            "precision": 151.33333333333334,
            "recall": 154.0,
            "accuracy": 151.33333333333334,
            "eco_precision": 163.0,
            "eco_recall": 163.0,
            "eco_accuracy": 163.0,
            "name_precision": 151.33333333333334,
            "name_recall": 154.0,
            "name_accuracy": 151.33333333333334,
            "effective_num": 163
        },
        "go": {
            "vulid_missing_num": 14,
            "field_missing_num": 0,
            "precision": 31.5,
            "recall": 33.0,
            "accuracy": 31.5,
            "eco_precision": 37.0,
            "eco_recall": 37.0,
            "eco_accuracy": 37.0,
            "name_precision": 31.5,
            "name_recall": 33.0,
            "name_accuracy": 31.5,
            "effective_num": 37
        },
        "pypi": {
            "vulid_missing_num": 19,
            "field_missing_num": 0,
            "precision": 99.0,
            "recall": 99.0,
            "accuracy": 99.0,
            "eco_precision": 103.0,
            "eco_recall": 103.0,
            "eco_accuracy": 103.0,
            "name_precision": 99.0,
            "name_recall": 99.0,
            "name_accuracy": 99.0,
            "effective_num": 103
        },
        "all": {
            "vulid_missing_num": 84,
            "field_missing_num": 0,
            "precision": 327.49999999999994,
            "recall": 334.5,
            "accuracy": 327.49999999999994,
            "eco_precision": 378.5,
            "eco_recall": 379.0,
            "eco_accuracy": 378.5,
            "name_precision": 327.49999999999994,
            "name_recall": 334.5,
            "name_accuracy": 327.49999999999994,
            "effective_num": 380
        }
    },
    "snyk": {
        "maven": {
            "vulid_missing_num": 1,
            "field_missing_num": 0,
            "precision": 63.25321873361724,
            "recall": 98.5,
            "accuracy": 63.25321873361724,
            "eco_precision": 89.05952380952381,
            "eco_recall": 118.0,
            "eco_accuracy": 89.05952380952381,
            "name_precision": 63.84744769424644,
            "name_recall": 98.5,
            "name_accuracy": 63.84744769424644,
            "effective_num": 119
        },
        "npm": {
            "vulid_missing_num": 2,
            "field_missing_num": 0,
            "precision": 116.70008113906873,
            "recall": 157.5,
            "accuracy": 116.70008113906873,
            "eco_precision": 130.2166666666667,
            "eco_recall": 166.0,
            "eco_accuracy": 130.2166666666667,
            "name_precision": 118.49210763109524,
            "name_recall": 158.5,
            "name_accuracy": 118.49210763109524,
            "effective_num": 169
        },
        "go": {
            "vulid_missing_num": 2,
            "field_missing_num": 0,
            "precision": 24.071019460223177,
            "recall": 42.0,
            "accuracy": 24.071019460223177,
            "eco_precision": 32.14285714285714,
            "eco_recall": 46.0,
            "eco_accuracy": 32.14285714285714,
            "name_precision": 24.44011036931409,
            "name_recall": 42.0,
            "name_accuracy": 24.44011036931409,
            "effective_num": 49
        },
        "pypi": {
            "vulid_missing_num": 0,
            "field_missing_num": 0,
            "precision": 64.55295698924732,
            "recall": 119.0,
            "accuracy": 64.55295698924732,
            "eco_precision": 71.66785714285717,
            "eco_recall": 122.0,
            "eco_accuracy": 71.66785714285717,
            "name_precision": 74.8723403836307,
            "name_recall": 120.0,
            "name_accuracy": 74.8723403836307,
            "effective_num": 122
        },
        "all": {
            "vulid_missing_num": 5,
            "field_missing_num": 0,
            "precision": 268.5772763221565,
            "recall": 417.0,
            "accuracy": 268.5772763221565,
            "eco_precision": 323.08690476190475,
            "eco_recall": 452.0,
            "eco_accuracy": 323.08690476190475,
            "name_precision": 281.6520060782865,
            "name_recall": 419.0,
            "name_accuracy": 281.6520060782865,
            "effective_num": 459
        }
    },
    "veracode": {
        "maven": {
            "vulid_missing_num": 34,
            "field_missing_num": 0,
            "precision": 38.835687682770626,
            "recall": 57.5,
            "accuracy": 38.835687682770626,
            "eco_precision": 62.5,
            "eco_recall": 73.0,
            "eco_accuracy": 62.5,
            "name_precision": 38.835687682770626,
            "name_recall": 57.5,
            "name_accuracy": 38.835687682770626,
            "effective_num": 86
        },
        "npm": {
            "vulid_missing_num": 8,
            "field_missing_num": 0,
            "precision": 120.25952380952378,
            "recall": 151.0,