{
    "maven": {
        "P@1": 143.0,
        "R@1": 130.1,
        "P@2": 145.0,
        "R@2": 143.35,
        "P@3": 154.5,
        "R@3": 153.85,
        "Pc@1": 143.0,
        "Rc@1": 130.1,
        "Pc@2": 145.0,
        "Rc@2": 143.35,
        "Pc@3": 154.5,
        "Rc@3": 153.85,
        "Pe@1": 170.0,
        "Re@1": 170.0,
        "Pe@2": 165.5,
        "Re@2": 176.0,
        "Pe@3": 168.00000000000003,
        "Re@3": 179.0,
        "total_num": 183
    },
    "npm": {
        "P@1": 231.0,
        "R@1": 231.0,
        "P@2": 243.5,
        "R@2": 243.5,
        "P@3": 243.5,
        "R@3": 243.5,
        "Pc@1": 231.0,
        "Rc@1": 231.0,
        "Pc@2": 243.5,
        "Rc@2": 243.5,
        "Pc@3": 243.5,
        "Rc@3": 243.5,
        "Pe@1": 246.0,
        "Re@1": 246.0,
        "Pe@2": 248.5,
        "Re@2": 249.0,
        "Pe@3": 248.5,
        "Re@3": 249.0,
        "total_num": 250
    },
    "pypi": {
        "P@1": 177.0,
        "R@1": 177.0,
        "P@2": 181.0,
        "R@2": 181.0,
        "P@3": 182.0,
        "R@3": 182.0,
        "Pc@1": 178.0,
        "Rc@1": 178.0,
        "Pc@2": 181.0,
        "Rc@2": 181.0,
        "Pc@3": 182.0,
        "Rc@3": 182.0,
        "Pe@1": 182.0,
        "Re@1": 182.0,
        "Pe@2": 183.0,
        "Re@2": 183.0,
        "Pe@3": 183.0,
        "Re@3": 183.0,
        "total_num": 184
    },
    "go": {
        "P@1": 64.0,
        "R@1": 64.0,
        "P@2": 67.0,
        "R@2": 67.0,
        "P@3": 67.0,
        "R@3": 67.0,
        "Pc@1": 64.0,
        "Rc@1": 64.0,
        "Pc@2": 67.0,
        "Rc@2": 67.0,
        "Pc@3": 67.0,
        "Rc@3": 67.0,
        "Pe@1": 70.0,
        "Re@1": 70.0,
        "Pe@2": 75.0,
        "Re@2": 75.0,
        "Pe@3": 75.0,
        "Re@3": 75.0,
        "total_num": 79
    },
    "all": {
        "P@1": 615.0,
        "R@1": 602.1,
        "P@2": 636.5,
        "R@2": 634.85,
        "P@3": 647.0,
        "R@3": 646.35,
        "Pc@1": 616.0,
        "Rc@1": 603.1,
        "Pc@2": 636.5,
        "Rc@2": 634.85,
        "Pc@3": 647.0,
        "Rc@3": 646.35,
        "Pe@1": 668.0,
        "Re@1": 668.0,
        "Pe@2": 672.0,
        "Re@2": 683.0,
        "Pe@3": 674.5000000000001,
        "Re@3": 686.0,
        "total_num": 696
    }
}