{
    "maven": {
        "P@1": 135.0,
        "R@1": 123.35,
        "P@2": 141.0,
        "R@2": 139.6,
        "P@3": 145.66666666666666,
        "R@3": 145.1,
        "Pc@1": 135.0,
        "Rc@1": 123.35,
        "Pc@2": 141.0,
        "Rc@2": 139.6,
        "Pc@3": 145.66666666666666,
        "Rc@3": 145.1,
        "Pe@1": 155.0,
        "Re@1": 155.0,
        "Pe@2": 154.5,
        "Re@2": 164.0,
        "Pe@3": 160.0,
        "Re@3": 171.0,
        "total_num": 183
    },
    "npm": {
        "P@1": 228.0,
        "R@1": 228.0,
        "P@2": 235.5,
        "R@2": 235.5,
        "P@3": 238.5,
        "R@3": 238.5,
        "Pc@1": 229.0,
        "Rc@1": 229.0,
        "Pc@2": 235.5,
        "Rc@2": 235.5,
        "Pc@3": 238.5,
        "Rc@3": 238.5,
        "Pe@1": 245.0,
        "Re@1": 245.0,
        "Pe@2": 246.5,
        "Re@2": 247.0,
        "Pe@3": 247.5,
        "Re@3": 248.0,
        "total_num": 250
    },
    "pypi": {
        "P@1": 176.0,
        "R@1": 176.0,
        "P@2": 180.0,
        "R@2": 180.0,
        "P@3": 181.0,
        "R@3": 181.0,
        "Pc@1": 178.0,
        "Rc@1": 178.0,
        "Pc@2": 182.0,
        "Rc@2": 182.0,
        "Pc@3": 182.0,
        "Rc@3": 182.0,
        "Pe@1": 181.0,
        "Re@1": 181.0,
        "Pe@2": 181.0,
        "Re@2": 181.0,
        "Pe@3": 182.0,
        "Re@3": 182.0,
        "total_num": 184
    },
    "go": {
        "P@1": 65.0,
        "R@1": 65.0,
        "P@2": 66.0,
        "R@2": 66.0,
        "P@3": 68.0,
        "R@3": 68.0,
        "Pc@1": 65.0,
        "Rc@1": 65.0,
        "Pc@2": 66.0,
        "Rc@2": 66.0,
        "Pc@3": 68.0,
        "Rc@3": 68.0,
        "Pe@1": 72.0,
        "Re@1": 72.0,
        "Pe@2": 73.0,
        "Re@2": 73.0,
        "Pe@3": 76.0,
        "Re@3": 76.0,
        "total_num": 79
    },
    "all": {
        "P@1": 604.0,
        "R@1": 592.35,
        "P@2": 622.5,
        "R@2": 621.1,
        "P@3": 633.1666666666666,
        "R@3": 632.6,
        "Pc@1": 607.0,
        "Rc@1": 595.35,
        "Pc@2": 624.5,
        "Rc@2": 623.1,
        "Pc@3": 634.1666666666666,
        "Rc@3": 633.6,
        "Pe@1": 653.0,
        "Re@1": 653.0,
        "Pe@2": 655.0,
        "Re@2": 665.0,
        "Pe@3": 665.5,
        "Re@3": 677.0,
        "total_num": 696
    }
}