{
    "maven": {
        "P@1": 135.0,
        "R@1": 124.1,
        "P@2": 140.5,
        "R@2": 139.6,
        "P@3": 145.5,
        "R@3": 145.1,
        "Pc@1": 135.0,
        "Rc@1": 124.1,
        "Pc@2": 140.5,
        "Rc@2": 139.6,
        "Pc@3": 145.5,
        "Rc@3": 145.1,
        "Pe@1": 181.0,
        "Re@1": 181.0,
        "Pe@2": 170.5,
        "Re@2": 181.0,
        "Pe@3": 170.00000000000003,
        "Re@3": 181.0,
        "total_num": 183
    },
    "npm": {
        "P@1": 187.0,
        "R@1": 187.0,
        "P@2": 195.0,
        "R@2": 195.0,
        "P@3": 199.5,
        "R@3": 199.5,
        "Pc@1": 189.0,
        "Rc@1": 189.0,
        "Pc@2": 197.0,
        "Rc@2": 197.0,
        "Pc@3": 201.5,
        "Rc@3": 201.5,
        "Pe@1": 240.0,
        "Re@1": 240.0,
        "Pe@2": 239.5,
        "Re@2": 240.0,
        "Pe@3": 240.5,
        "Re@3": 241.0,
        "total_num": 250
    },
    "pypi": {
        "P@1": 154.0,
        "R@1": 154.0,
        "P@2": 165.0,
        "R@2": 165.0,
        "P@3": 166.0,
        "R@3": 166.0,
        "Pc@1": 155.0,
        "Rc@1": 155.0,
        "Pc@2": 166.0,
        "Rc@2": 166.0,
        "Pc@3": 166.0,
        "Rc@3": 166.0,
        "Pe@1": 176.0,
        "Re@1": 176.0,
        "Pe@2": 177.0,
        "Re@2": 177.0,
        "Pe@3": 178.0,
        "Re@3": 178.0,
        "total_num": 184
    },
    "go": {
        "P@1": 59.0,
        "R@1": 59.0,
        "P@2": 66.0,
        "R@2": 66.0,
        "P@3": 66.0,
        "R@3": 66.0,
        "Pc@1": 59.0,
        "Rc@1": 59.0,
        "Pc@2": 66.0,
        "Rc@2": 66.0,
        "Pc@3": 66.0,
        "Rc@3": 66.0,
        "Pe@1": 61.0,
        "Re@1": 61.0,
        "Pe@2": 66.0,
        "Re@2": 66.0,
        "Pe@3": 66.0,
        "Re@3": 66.0,
        "total_num": 79
    },
    "all": {
        "P@1": 535.0,
        "R@1": 524.1,
        "P@2": 566.5,
        "R@2": 565.6,
        "P@3": 577.0,
        "R@3": 576.6,
        "Pc@1": 538.0,
        "Rc@1": 527.1,
        "Pc@2": 569.5,
        "Rc@2": 568.6,
        "Pc@3": 579.0,
        "Rc@3": 578.6,
        "Pe@1": 658.0,
        "Re@1": 658.0,
        "Pe@2": 653.0,
        "Re@2": 664.0,
        "Pe@3": 654.5000000000001,
        "Re@3": 666.0,
        "total_num": 696
    }
}